# MySQL 数据库体系结构

## 数据库与数据库实例

数据库

* 物理操作系统文件或其他形式文件类型的集合

数据库实例

* 由数据库后台进程/线程以及一个共享内存区组成
* 共享内存可以被运行的后台进程/线程所共享
* 数据库实例才是真正用来操作数据库文件的

## MySQL 实例与数据库之间的关系

* 一个实例对应于一个数据库？？？
* 一个数据库能否对应多个实例？？

MySQL 数据库中实例与数据库是一对一之间的关系

## MySQL 体系结构

单进程多线程

* Like Microsoft SQL Server
* Oracle 多进程架构（except Windows）

插件式存储引擎架构

* Like Linux file system

存储引擎的对象是表

## MySQL 逻辑存储结构

* instance
* database
* schema
* table
* view

                                                         ------> Table1 view1
                       ------> Database  ------>  Schema ------> ...... ...
                       |                                 ------> TableN viewN
                       |
                       |                                 ------> Table1 view1
        MySQL instance ------> Database  ------>  Schema ------> ...... ...
                       |                                 ------> TableN viewN
                       |  
                       |                                 ------> Table1 view1
                       ------> Database  ------>  Schema ------> ...... ...
                                                         ------> TableN viewN

一个 MySQL 实例由多个数据库所组成，每个数据库对应一个 Schema（一一对应）

在 MySQL 中 Database 和 Schema 其实是同义词

每个 Schema 可以对应多个 Table

View 在 MySQL 中用的不多

### Database

创建数据库

    create database kaola;

删除数据库

    drop schema kaola; #database 可以用 schema 替代，等价

## MySQL物理存储结构

* 数据文件路径 参数：datadir
* 一个数据库对应一个文件夹
* 每张表对应一组文件，分别是 frm 数据定义文件和 ibd 数据存放文件

        mysqld ---> DATADIR ---> mysql DATADIR/mysql
                            ---> world DATADIR/world ---> City
                                                     ---> Country ---> Country DATADIR/world/Country.frm、DATADIR/world/Country.MYD、DATADIR/world/Country.MYI
                                                     ---> CountryLanguage
                            ---> test DATADIR/test

在 MySQL 的默认数据库中 information_schema 数据库并没有被持久化，它是一个存在于内存中的数据库，其中的表都是内存的数据结构的一个映射不需要持久，每次读取都是读内存里的一个信息所以不需要持久化

## MySQL主要文件

* 数据库配置文件
* 表结构定义文件
* 错误文件
* 慢查询日志
* 通用日志

### 数据库配置文件

    [client]
    user = root
    password = 123
    prot = 3306
    socket = /tmp/mysql.sock

    [mysqld]
    prot = 3306
    key_buffer_size = 16M
    max_allow_packet = 8M

    [mysqld-5.6] # 表示这个标签下面的参数只会在mysql5.6版本下生效
    innodb_flush_neighbors = 2

    [mysqldump] # 如果启用了该命令会自动加入该标签下的选项
    quick

    [mysqladmin] # 如果启用了该命令会自动加入该标签下的选项
    force

    [mysqld_multi]
    mysqld = /usr/local/mysql/bin/mysqld_safe
    mysqladmin = /usr/local/mysql/bin/mysqladmin

    [mysqld1]
    ....

    [mysqld2]
    ....

### 错误日志

* 参数：log_error
  * 默认名：机器名.err
  * 建议统一修改成一个固定的名称，例如 mysql.err

    [mysqld]

    log_error = mysql.err

* 可将配置错误日志到系统日志文件(基本没啥必要)

    [mysqld_safe]
    
    syslog

    syslog_tab = stock #mysqld_stock

### 表结构定义文件

* 每个表对应一个表结构文件
* 表结构文件名以.frm结尾
* 表结构文件是二进制文件

从 5.7 开始每创建一张表在数据目录下都会有一个 .frm 文件，这个文件就是表结构的定义文件

查看表结构命令：

    (root@localhost) [mysql]> use mysql
    (root@localhost) [mysql]> show create table user\G
    *************************** 1. row ***************************
        Table: user
    Create Table: CREATE TABLE `user` (
    `Host` char(60) COLLATE utf8_bin NOT NULL DEFAULT '',
    `User` char(32) COLLATE utf8_bin NOT NULL DEFAULT '',
    `Select_priv` enum('N','Y') CHARACTER SET utf8 NOT NULL DEFAULT 'N',
    ......
    ......
    ......

使用命令解析 frm 文件

    mysqlfrm --diagnostic user.frm
    mysqlfrm --diagnostic user.frm --server=root:Abc123__@localhost # 没显示字符集用这个

安装这个工具(此内容暂时挂起)

    # 去这个网址找到相应linux版本的MySQL源包 https://dev.mysql.com/downloads/repo/yum/，然后：

    yum localinstall platform-and-version-specific-package-name.rpm
    yum install mysql-shell
    
    #如果有用yum安装过MySQL，需要先使用下面的清理命令，详细的在这个网址可以查看https://dev.mysql.com/doc/mysql-shell/8.0/en/mysql-shell-install-linux-quick.html
    yum remove mysql-community-release

# 数据类型、常用函数、编码

## TIPS

### dbt3数据库导入

    (root@localhost) [(none)]> create database dbt3;
    Query OK, 1 row affected (0.00 sec)

    mysql dbt3 < dbt3_s1_fk.sql

### 关闭补全

如果启用补全，表比较大的时候会卡住，这是后在配置文件里配置一下关闭补全会加快速度

my.cnf 

    [mysql]
    ......
    no-auto-rehash

## 数据类型

### INT类型--属性

| 类型      | 占用空间 | 最小值               | 最大值               |
| --------- | -------- | -------------------- | -------------------- |
|           | （字节） | （Signed/Unsigned）  | （Signed/Unsigned）  |
| TINYINT   | 1        | -128                 | 127                  |
|           |          | 0                    | 255                  |
| SMALLINT  | 2        | -32768               | 32767                |
|           |          | 0                    | 65535                |
| MEDIUMINT | 3        | -8388608             | 8388607              |
|           |          | 0                    | 16777215             |
| INT       | 4        | -2147483648          | 2147483647           |
|           |          | 0                    | 4294967295           |
| BIGINT    | 8        | -9223372036854775808 | 9223372036854775807  |
|           |          | 0                    | 18446744073709551615 |

* UNSIGNED/ SIGNED
  * 是否有符号
* ZEROFILL
  * 显示属性
  * 值不做任何修改
* AUTO_INCREMENT
  * 自增
  * 每张表一个
  * 必须时索引的一部分

#### 一个简单的演示：

    (root@localhost) [(none)]> create database test default character set='utf8';
    Query OK, 1 row affected (0.00 sec)
    (root@localhost) [(none)]> use test;
    Database changed
    (root@localhost) [(none)]> create table z ( a int unsigned, b tinyint signed );
    Query OK, 0 rows affected (0.02 sec)

    (root@localhost) [test]> insert into z value (1, -1);
    Query OK, 1 row affected (0.01 sec)

    (root@localhost) [test]> select * from z;
    +------+------+
    | a    | b    |
    +------+------+
    |    1 |   -1 |
    +------+------+
    1 row in set (0.00 sec)

#### ZEROFILL

ZEROFILL 字段会自动帮你填充 0，这只是一个显示的属性而不是数字类型的转换，int(10)、tinyint(4) 中的 10 和 4 本身是没有任何意义，int 的范围是多少那就是多少，(10) 和 (4) 只是表示**显示的宽度**而不是表示能够插入数据的长度，而这个显示的宽度只有加上 ZEROFILL 属性加上才会显示，(10) 和 (4) 的设置才会显得有意义

    (root@localhost) [test]> alter table z change column a a int unsigned zerofill;
    Query OK, 0 rows affected (0.01 sec)
    Records: 0  Duplicates: 0  Warnings: 0

    (root@localhost) [test]> show create table z\G
    *************************** 1. row ***************************
          Table: z
    Create Table: CREATE TABLE `z` (
      `a` int(10) unsigned zerofill DEFAULT NULL,
      `b` tinyint(4) DEFAULT NULL
    ) ENGINE=InnoDB DEFAULT CHARSET=utf8
    1 row in set (0.00 sec)

    (root@localhost) [test]> select * from z;
    +------------+------+
    | a          | b    |
    +------------+------+
    | 0000000001 |   -1 |  <--a前面填充了0，而列的负号是不允许加入ZEROFILL的
    +------------+------+
    1 row in set (0.00 sec)

#### 自增

    (root@localhost) [test]> truncate table z; # 清空数据库并且自增值归零
    Query OK, 0 rows affected (0.02 sec)

    (root@localhost) [test]> alter table z change column a a int auto_increment primary key;
    Query OK, 0 rows affected (0.05 sec)
    Records: 0  Duplicates: 0  Warnings: 0

    (root@localhost) [test]> show create table z \G
    *************************** 1. row ***************************
          Table: z
    Create Table: CREATE TABLE `z` (
      `a` int(11) NOT NULL AUTO_INCREMENT, <--加入了自增属性
      `b` tinyint(4) DEFAULT NULL,
      PRIMARY KEY (`a`)
    ) ENGINE=InnoDB DEFAULT CHARSET=utf8
    1 row in set (0.00 sec)

    (root@localhost) [test]> insert into z value(NULL,10);
    Query OK, 1 row affected (0.00 sec)

    (root@localhost) [test]> insert into z value(NULL,20);
    Query OK, 1 row affected (0.00 sec)

    (root@localhost) [test]> insert into z(b) values (30);
    Query OK, 1 row affected (0.00 sec)

    (root@localhost) [test]> select * from z;
    +---+------+
    | a | b    |
    +---+------+
    | 1 |   10 |  <--自动增长的a列
    | 2 |   20 |  <--自动增长的a列
    | 3 |   30 |  <--自动增长的a列
    +---+------+
    3 rows in set (0.00 sec)

    (root@localhost) [test]> select last_insert_id(); # 查询当前会话下面上一次自增的值是多少
    +------------------+
    | last_insert_id() |
    +------------------+
    |                3 |
    +------------------+
    1 row in set (0.00 sec)

自增主键用的非常非常广，如果希望使用 int 类型来做自增的话，**建议使用 bigint 类型**

##### 自增值回溯的问题

默认情况下自增值都不会回溯，比如这 4 条记录被删除了就永远不会有4这记录再次被插入的

看下下这样一种情况：

    (root@localhost) [test]> insert into z value(NULL, 40);
    Query OK, 1 row affected (0.00 sec)
    (root@localhost) [test]> delete from z where a = 4;
    Query OK, 1 row affected (0.00 sec)
    (root@localhost) [test]> insert into z value(NULL, 40);
    Query OK, 1 row affected (0.00 sec)

    (root@localhost) [test]> select * from z;
    +---+------+
    | a | b    |
    +---+------+
    | 1 |   10 |
    | 2 |   20 |
    | 3 |   30 |
    | 5 |   40 |
    +---+------+
    4 rows in set (0.00 sec)

    (root@localhost) [test]> delete from z where a = 5;
    Query OK, 1 row affected (0.01 sec)

    (root@localhost) [test]> select * from z;
    +---+------+
    | a | b    |
    +---+------+
    | 1 |   10 |
    | 2 |   20 |
    | 3 |   30 |
    +---+------+
    3 rows in set (0.00 sec)

    (root@localhost) [test]> exit
    Bye

    $ /etc/init.d/mysql.server restart  # 重启数据库
    Shutting down MySQL......                                  [  OK  ]
    Starting MySQL.                                            [  OK  ]

    $ mysql # 连接数据库

    (root@localhost) [(none)]> use test;
    Database changed
    (root@localhost) [test]> insert into z(b) values (60);
    Query OK, 1 row affected (0.07 sec)

    (root@localhost) [test]> select * from z;
    +---+------+
    | a | b    |
    +---+------+
    | 1 |   10 |
    | 2 |   20 |
    | 3 |   30 |
    | 4 |   60 |   <--你会发现这时候4这个自增值被回溯了
    +---+------+
    4 rows in set (0.00 sec)

    (root@localhost) [test]> insert into z(b) values (70);
    Query OK, 1 row affected (0.00 sec)

    (root@localhost) [test]> select * from z;
    +---+------+
    | a | b    |
    +---+------+
    | 1 |   10 |
    | 2 |   20 |
    | 3 |   30 |
    | 4 |   60 |
    | 5 |   70 |   <--再插入一个，发现5这个自增值也被回溯了
    +---+------+
    5 rows in set (0.00 sec)

就会发现一个问题，线上已经删掉的数据之后又出现了，你的自增值就会乱掉，最重要的原因是这样的：

    (root@localhost) [test]> show create table z\G
    *************************** 1. row ***************************
          Table: z
    Create Table: CREATE TABLE `z` (
      `a` int(11) NOT NULL AUTO_INCREMENT,
      `b` tinyint(4) DEFAULT NULL,
      PRIMARY KEY (`a`)
    ) ENGINE=InnoDB AUTO_INCREMENT=6 DEFAULT CHARSET=utf8
    1 row in set (0.00 sec)

看下表结构这里有一个 AUTO_INCREMENT 表示下次自增的起始位置是从6开始的，delete 数据后线上的 AUTO_INCREMENT 还会是 6 并不会变化，但是删掉一条记录重启之后再来看下这个问题：

    (root@localhost) [test]> delete from z where a = 5;
    Query OK, 1 row affected (0.01 sec)

    # 重启mysql省略

    (root@localhost) [(none)]> use test;
    Database changed
    (root@localhost) [test]> show create table z\G
    *************************** 1. row ***************************
          Table: z
    Create Table: CREATE TABLE `z` (
      `a` int(11) NOT NULL AUTO_INCREMENT,
      `b` tinyint(4) DEFAULT NULL,
      PRIMARY KEY (`a`)
    ) ENGINE=InnoDB AUTO_INCREMENT=5 DEFAULT CHARSET=utf8
    1 row in set (0.00 sec)

发现重启之后 AUTO_INCREMENT 变成了 5，**所以 AUTO_INCREMENT 并不是持久化的**，数据库每次重启后会重新统计最大值：

    (root@localhost) [test]> select max(auto_increment column) + 1 from z\c

所以这是一个巨大的坑，但是在 MySQL5.7 版本下这个问题是解决不了的，在 MySQL8.0 中自增值会持久化，重启之后不会有回溯的问题

#### 自增类型--总结

* 推荐不要使用 UNSIGNED
* 从业务上来说，范围本质上没有大的改变
* UNSIGNED 可能会有溢出现象发生
* 自增 INT 类型主键建议使用 BIGINT

### 数字类型

* 单精度类型：FLOAT   --> M*G/G不一定等于M
* 双精度类型：DOUBLE  --> M*G/G不一定等于M
* 高精度类型：DECIMAL

| 类型    | 占用空间 | 精度   | 精确性        |
| ------- | -------- | ------ | ------------- |
| FLOAT   | 4        | 单精度 | 低            |
| DOUBLE  | 8        | 双精度 | 低，比FLOAT高 |
| DECIMAL | 变长     | 高精度 | 非常高        |

FLOAT(M,D)/DOUBLE(M,D)/DECIMAL(M,D) 表示显示 M 位整数，其中 D 位位于小数点后面

FLOAT 和 DOUBLE 都不是高精度的，所以线上这个 2 个类型其实都是不推荐使用的，做数据统计的时候统计出来的结果可能会出错，即 M*G/G 不一定等于 M

小数数字类型推荐直接用 DECIMAL 就可以了！

DOUBLE问题演示：

    (root@localhost) [(none)]> use dbt3;
    (root@localhost) [dbt3]> select l_extendedprice from lineitem limit 1;
    +-----------------+
    | l_extendedprice |
    +-----------------+
    |        21168.23 |  <--2位小数
    +-----------------+
    1 row in set (0.00 sec)

    (root@localhost) [dbt3]> select sum(l_extendedprice) from lineitem limit 1;
    +----------------------+
    | sum(l_extendedprice) |
    +----------------------+
    |   229577310901.19733 |  <--5位小数
    +----------------------+
    1 row in set (3.60 sec)

可以看到上面 2 位的小数点部分的数据，经过聚合函数加出来变成了 5 位，计算出现了问题，所以继续推荐使用 DECIMAL

#### 几个数字相关函数

向下取整 floor()

    (root@localhost) [(none)]> select floor(1.5),floor(-1.5);
    +------------+-------------+
    | floor(1.5) | floor(-1.5) |
    +------------+-------------+
    |          1 |          -2 |
    +------------+-------------+
    1 row in set (0.00 sec)

四舍五入取整 round()

    (root@localhost) [(none)]> select round(1.4),round(1.5);
    +------------+------------+
    | round(1.4) | round(1.5) |
    +------------+------------+
    |          1 |          2 |
    +------------+------------+
    1 row in set (0.00 sec)

用到最多的随机函数 rand()，0-1 之间的随机值

    (root@localhost) [(none)]> select rand();
    +---------------------+
    | rand()              |
    +---------------------+
    | 0.45397037589360995 |
    +---------------------+
    1 row in set (0.00 sec)

取 i 到 j 之间的随机数 select FLOOR(i + RAND() * (j - i));

    (root@localhost) [(none)]> select floor(1 + rand() * 99);
    +--------------------+
    | floor(1+rand()*99) |
    +--------------------+
    |                 97 |
    +--------------------+
    1 row in set (0.00 sec)

重复字符函数 repeat();

    (root@localhost) [(none)]> select repeat('a', 3);
    +----------------+
    | repeat('a', 3) |
    +----------------+
    | aaa            |
    +----------------+
    1 row in set (0.00 sec)

rand() repeat()结合

    (root@localhost) [(none)]> select repeat('a', floor(1 + rand() * 127));
    +----------------------------------+
    | repeat('a', floor(1+rand()*127)) |
    +----------------------------------+
    | aaaaaaaaaaaaaaaaa                |
    +----------------------------------+
    1 row in set (0.00 sec)

### 字符串类型

| 类型名       | 说明           | N的含义 | 是否有字符集 | 最大长度 |
| ------------ | -------------- | ------- | ------------ | -------- |
| CHAR(N)      | 变长字符       | 字符    | 是           | 255      |
| VARCHAR(N)   | 变长字符       | 字符    | 是           | 16384    |
| BINARY(N)    | 定长二进制字节 | 字节    | 否           | 255      |
| VARBINARY(N) | 变长二进制字节 | 字节    | 否           | 16384    |
| TINYBLOB     | 二进制大对象   | 字节    | 否           | 256      |
| BLOB         | 二进制大对象   | 字节    | 否           | 16K      |
| MEDIUMBLOB   | 二进制大对象   | 字节    | 否           | 16M      |
| LONGBLOB     | 二进制大对象   | 字节    | 否           | 4G       |
| TINYTEXT     | 大对象         | 字节    | 是           | 256      |
| TEXT         | 大对象         | 字节    | 是           | 16K      |
| MEDIUMTEXT   | 大对象         | 字节    | 是           | 16M      |
| LONGTEXT     | 大对象         | 字节    | 是           | 4G       |

* BLOB ==> VARBINARY

* TEXT ==> VARCHAR

在 MySQL中 用的最多的是 VARCHAR，基本上可以解决大部分场景

演示：

    (root@localhost) [(none)]> use test;
    Database changed
    (root@localhost) [test]> drop table z;
    Query OK, 0 rows affected (0.00 sec)
    (root@localhost) [test]> create table z ( a char(1), b varchar(3), c binary(1), d varbinary(3)); # 这里的长度一个指的是字符，一个指的是字节
    Query OK, 0 rows affected (0.01 sec)

    (root@localhost) [test]> insert into z values('a', 'aaa', 'b', 'bbb');  # 都可以插入字符
    Query OK, 1 row affected (0.00 sec)

    (root@localhost) [test]> select * from z;
    +------+------+------+------+
    | a    | b    | c    | d    |
    +------+------+------+------+
    | a    | aaa  | b    | bbb  | <--这么看起来没什么区别
    +------+------+------+------+
    1 row in set (0.00 sec)

    (root@localhost) [test]> alter table z convert to character set utf8;
    Query OK, 0 rows affected (0.00 sec)
    Records: 0  Duplicates: 0  Warnings: 0

    (root@localhost) [test]> insert into z values ('我', 'aaa', 'b', 'bbb');
    Query OK, 1 row affected (0.00 sec)

    (root@localhost) [test]> insert into z values ('我', 'aaa', '我', 'bbb');
    ERROR 1406 (22001): Data too long for column 'c' at row 1  <--这里看到1个字节放'我'这个字符，这是很大的一个不同，一个是用来存字符一个是用来存字节

    (root@localhost) [test]> select length('我'),char_length('我'); <--分别取字节长度和字符长度
    +---------------+--------------------+
    | length('我')  | char_length('我')  |
    +---------------+--------------------+
    |             3 |                  1 |
    +---------------+--------------------+
    1 row in set (0.00 sec)

### 字符串类型--字符集

* character set
  * a set of symbols and encoding. 一组符号和编码的集合，中文就是一个符号
* 常见字符集：utf8、utf8mb4、gbk、gb18030

查看所有字符集：

    (root@localhost) [test]> show character set;
    +----------+---------------------------------+---------------------+--------+
    | Charset  | Description                     | Default collation   | Maxlen |
    +----------+---------------------------------+---------------------+--------+
    | big5     | Big5 Traditional Chinese        | big5_chinese_ci     |      2 |
    | dec8     | DEC West European               | dec8_swedish_ci     |      1 |
    | cp850    | DOS West European               | cp850_general_ci    |      1 |
    | ......   | ......                          | ......              |        |
    | gb18030  | China National Standard GB18030 | gb18030_chinese_ci  |      4 |
    +----------+---------------------------------+---------------------+--------+

当前生产环境只推荐一种字符集就是 utf8mb4 ，因为 utf8 现在有些字符也存不下(比如很多的emoji表情符号)

查看字符集参数：

    (root@localhost) [test]> show variables like '%character%';
    +--------------------------+----------------------------------------------------------------+
    | Variable_name            | Value                                                          |
    +--------------------------+----------------------------------------------------------------+
    | character_set_client     | utf8                                                           |
    | character_set_connection | utf8                                                           |
    | character_set_database   | latin1                                                         |
    | character_set_filesystem | binary                                                         |
    | character_set_results    | utf8                                                           |
    | character_set_server     | latin1   <--默认的拉丁1                                          |
    | character_set_system     | utf8                                                           |
    | character_sets_dir       | /usr/local/mysql-5.7.35-linux-glibc2.12-x86_64/share/charsets/ |
    +--------------------------+----------------------------------------------------------------+
    8 rows in set (0.01 sec)

设置默认字符集my.cnf

    [mysqld]
    ......
    ......
    ......
    # charset
    character_set_server = utf8mb4

修改字符集

    (root@localhost) [test]> alter table z convert to character set utf8mb4;
    Query OK, 2 rows affected (0.05 sec)
    Records: 2  Duplicates: 0  Warnings: 0

    (root@localhost) [test]> show create table z\G
    *************************** 1. row ***************************
          Table: z
    Create Table: CREATE TABLE `z` (
      `a` char(1) DEFAULT NULL,
      `b` varchar(3) DEFAULT NULL,
      `c` binary(1) DEFAULT NULL,
      `d` varbinary(3) DEFAULT NULL
    ) ENGINE=InnoDB DEFAULT CHARSET=utf8mb4
    1 row in set (0.00 sec)

指定默认字符集之后新建的表字符集都会是 utf8mb4，转的字符集最好是大于被转的字符集，比如 utf8mb4 就包含 gbk ，gbk 转 utf8mb4 可能就会有问题

另外一点是 alter table 这个操作代价是非常大的，会锁住整张表，在线上是会对应用产生阻塞的，所以在做 convert to 的时候要非常非常小心

显示字符集命令 

    (root@localhost) [none]> show charset;

### 字符串类型--字符集设置

* 配置参数 character_set_server
* CREATE DATABASE
* CREATE TABLE

      CREATE {DATABASE | SCHEMA} [IF NOT EXISTS] db_name
          [create_option] ...

      create_option: [DEFAULT] {
          CHARACTER SET [=] charset_name
        | COLLATE [=] collation_name
      }

      CREATE TABLE T(a CHAR(10)) CHARACTER SET=utf8mb4;

      # 为每个列设置字符集，但这种需求不太有
      CREATE TABLE t(
        a VARCHAR(10) CHARSET gbk,
        b VARCHAR(10) CHARSET latin1,
        c VARCHAR(10) CHARSET=utf8mb4, 
      )

非常有用的 hex 函数将对应的字符活着字符串转化成对应的16进制的值

    (root@localhost) [test]> select hex('a');
    +----------+
    | hex('a') |
    +----------+
    | 61       |
    +----------+
    1 row in set (0.00 sec)

    (root@localhost) [test]> select hex('abc');
    +------------+
    | hex('abc') |
    +------------+
    | 616263     |
    +------------+
    1 row in set (0.00 sec)

    (root@localhost) [test]> select hex('我');
    +------------+
    | hex('我')  |
    +------------+
    | E68891     |
    +------------+
    1 row in set (0.00 sec)

    (root@localhost) [test]> select 0xE68891;
    +----------+
    | 0xE68891 |
    +----------+
    | 我       |
    +----------+
    1 row in set (0.00 sec)

    (root@localhost) [test]> insert into z values ('a', 0xE68891, 'a', 0xE68891); # 可以16进制的值方式进行插入
    Query OK, 1 row affected (0.00 sec)

    (root@localhost) [test]> select * from z;
    +------+------+------+------+
    | a    | b    | c    | d    |
    +------+------+------+------+
    | a    | aaa  | b    | bbb  |
    | 我   | aaa  | b    | bbb  |
    | a    | 我   | a    | 我   |
    +------+------+------+------+
    3 rows in set (0.00 sec)

强制类型转换函数 cast()，做 SQL 开发的时候或许会用得比较多

    (root@localhost) [test]> select cast(123 as char(10));
    +-----------------------+
    | cast(123 as char(10)) |
    +-----------------------+
    | 123                   |
    +-----------------------+
    1 row in set (0.00 sec)

查看字符在不同编码下的字符值是多少

    (root@localhost) [test]> select hex(cast('我' as char(1) charset gbk));
    +-----------------------------------------+
    | hex(cast('我' as char(1) charset gbk))  |
    +-----------------------------------------+
    | CED2                                    |
    +-----------------------------------------+
    1 row in set (0.00 sec)

插入 16 进制值字符的问题

    (root@localhost) [test]> insert into z value ( 'a', 0xCED2, 'a', 0xCED2);
    ERROR 1366 (HY000): Incorrect string value: '\xCE\xD2' for column 'b' at row 1
    (root@localhost) [test]> insert into z value ( 'a', 0xE68891, 'a', 0xCED2);
    Query OK, 1 row affected (0.01 sec)

    这里在插入 varchar 的时候会检测 16 进制值是否在字符集里，没有就报错了
    
    但是插入 varbinary 的时候则不要紧，是因为 varbinary 只要是 16 进制的值都可以插入，他不会进行检测对应的字符是否存在

    这就是 varchar 和 varbinary 最大的一个区别

### 字符串类型--排序规则

* collation
  * set of values for comparing characters in character set
  * 一组用来在字符串中比较字符的规则

        (root@localhost) [test]> select 'a' = 'a';
        +-----------+
        | 'a' = 'a' |
        +-----------+
        |         1 |
        +-----------+
        1 row in set (0.00 sec)

        (root@localhost) [test]> select 'a' = 'A';
        +-----------+
        | 'a' = 'A' |
        +-----------+
        |         1 |
        +-----------+
        1 row in set (0.00 sec)

        (root@localhost) [test]> select 'a' = 'a  ';
        +-------------+
        | 'a' = 'a  ' |
        +-------------+
        |           1 |
        +-------------+
        1 row in set (0.00 sec)

        (root@localhost) [test]> select 'a' = 'A  ';
        +-------------+
        | 'a' = 'A  ' |
        +-------------+
        |           1 |
        +-------------+
        1 row in set (0.00 sec)

默认的一个比较规则叫 general_ci，ci 表示大小写不敏感，另外一个意思是比较到空格为止后面都不继续比较

上面的例子一般来说不会有什么大的影响，但是下面这个例子可能会有影响：

    (root@localhost) [test]> create table t ( a char(1), unique key(a) ); # 这里a设了唯一索引
    Query OK, 0 rows affected (0.02 sec)

    (root@localhost) [test]> insert into t values ('a');
    Query OK, 1 row affected (0.00 sec)

    (root@localhost) [test]> insert into t values ('A');
    ERROR 1062 (23000): Duplicate entry 'A' for key 'a' <--这里报告错误已经存在的错误，这里就是collation的一个问题，他认为a和A是相同的，但实际上a和A应该是不同的

    (root@localhost) [test]> insert into t values ('A      ');
    ERROR 1062 (23000): Duplicate entry 'A' for key 'a'

想一下线上情况下是否需要区分大小写，比如用户名，但是一般做应用程序的时候用户名是不用区分大小写的

但是密码就不一样了，密码就需要做加密

    (root@localhost) [test]> create table user ( password varchar(128) );
    Query OK, 0 rows affected (0.02 sec)

    (root@localhost) [test]> insert into user values ('aaa');
    Query OK, 1 row affected (0.00 sec)

    (root@localhost) [test]> insert into user values ('AAA'); # 这样存明文密码就会有问题

    (root@localhost) [test]> insert into user values (md5('aaa'));
    Query OK, 1 row affected (0.00 sec)

    (root@localhost) [test]> select * from user;
    +----------------------------------+
    | password                         |
    +----------------------------------+
    | aaa                              |
    | AAA                              |
    | 47bce5c74f589f4867dbd57e9ca9f808 | <--网上有彩虹表可以计算出用户常用简单密码的md5值，这里可以自己加盐等处理
    +----------------------------------+
    3 rows in set (0.00 sec)

    (root@localhost) [test]> insert into user values (md5(concat('12345678', 'salt_str')));  # 加盐
    Query OK, 1 row affected (0.00 sec)

虽然明文密码区分大小写，但是密码都是要通过一个散列函数进行加密的，所以在设计的时候密码也不需要区分大小写

    (root@localhost) [test]> select md5('aaa'),md5('AAA');
    +----------------------------------+----------------------------------+
    | md5('aaa')                       | md5('AAA')                       |
    +----------------------------------+----------------------------------+
    | 47bce5c74f589f4867dbd57e9ca9f808 | e1faffb3e614e6c2fba74296962386b7 |
    +----------------------------------+----------------------------------+
    1 row in set (0.00 sec)

如果需要区分大小写，在建表的时候用如下语句：

    (root@localhost) [test]> create table t ( a varchar(10) collate utf8mb4_bin, unique key (a) );
    Query OK, 0 rows affected (0.02 sec)

lpda，rpad 函数，向左向右填充值

    (root@localhost) [(none)]> select lpad('aaa', 8, '.');
    +---------------------+
    | lpad('aaa', 8, '.') |
    +---------------------+
    | .....aaa            |
    +---------------------+
    1 row in set (0.00 sec)

    (root@localhost) [(none)]> select rpad('aaa', 8, '.');
    +---------------------+
    | rpad('aaa', 8, '.') |
    +---------------------+
    | aaa.....            |
    +---------------------+
    1 row in set (0.00 sec)

### 字符串类型--ENUM & SET

* 字符串类型--集合类型
* ENUM类型最多允许 65536 个值
* SET类型最多允许 64 个值
* 通过 sql_mode 参数可以用于约束检查

### 日期类型

|           | 占用字节 | 表示范围                                          |
| --------- | -------- | ------------------------------------------------- |
| DATETIME  | 8        | 1000-01-01 00:00:00 ~ 9999-12-31 23:59:59         |
| DATE      | 3        | 1000-01-01 ~ 9999-12-31                           |
| TIMESTAMP | 4        | 1970-01-01 00:00:00 UTC ~ 2038-01-19 03:14:07 UTC |
| YEAR      | 1        | YEAR(2): 1970 ~ 2070   YEAR(4): 1901 ~ 2155       |
| TIME      | 3        | -838:59:59 ~ ~838:59:59                           |

* MySQL 5.6.4 版本开始支持微秒
* 支持类型：TIME、DATETIME、TIMESTAMP
* type_name（fsp） fsp 最大为 6

        (root@localhost) [(none)]> select now(6);
        +----------------------------+
        | now(6)                     |
        +----------------------------+
        | 2021-11-06 22:44:03.073460 |
        +----------------------------+
        1 row in set (0.00 sec)

DATE YEAR TIME 通常来说用得都比较少，因为我们通常是要保存一个完整的时间

通常来说都用 DATETIME 和 TIMESTAMP

TIMESTAMP 和 DATETIME 的区别：

    (root@localhost) [(none)]> select now();
    +---------------------+
    | now()               |
    +---------------------+
    | 2021-11-06 22:49:12 |
    +---------------------+
    1 row in set (0.00 sec)

    (root@localhost) [(none)]> select unix_timestamp(now()); # 1970年到当前时间的秒数
    +-----------------------+
    | unix_timestamp(now()) |
    +-----------------------+
    |            1636210177 |
    +-----------------------+
    1 row in set (0.00 sec)

如果不用 DATETIME 类型而使用 TIMESTAMP（特别是int）那种，每次查时间都要这么写（from_unixtime）比较麻烦：

    (root@localhost) [dbt3]> select ... from where orderDate >= from_unixtime(login_time) and \c 

有一个观点是 int 效率高，那可以反问你的字符串为什么不用 16 进制保存，这样不是更快吗

但是 TIMESTAMP 有个特点他是带时区的，如果你的应用跨时区那可能还是要用这个，什么意思呢：

    (root@localhost) [test]> drop table z;
    Query OK, 0 rows affected (0.01 sec)

    (root@localhost) [test]> create table z ( a datetime, b timestamp );
    Query OK, 0 rows affected (0.02 sec)

    (root@localhost) [test]> insert into z values(now(),now());
    Query OK, 1 row affected (0.01 sec)

    (root@localhost) [test]> select * from z;
    +---------------------+---------------------+
    | a                   | b                   |
    +---------------------+---------------------+
    | 2021-11-06 22:56:52 | 2021-11-06 22:56:52 | <--这时候效果一样
    +---------------------+---------------------+
    1 row in set (0.00 sec)

这时候去设置一个时区，timestamp 就会不同：

    (root@localhost) [test]> set time_zone = '+0:00';
    Query OK, 0 rows affected (0.00 sec)

    (root@localhost) [test]> select * from z;
    +---------------------+---------------------+
    | a                   | b                   |
    +---------------------+---------------------+
    | 2021-11-06 22:56:52 | 2021-11-06 14:56:52 |
    +---------------------+---------------------+
    1 row in set (0.00 sec)

#### 日期函数

| 函数名                            | 函数说明                 |
| --------------------------------- | ------------------------ |
| NOW                               | 返回**SQL执行时**的时间  |
| CURRENT_TIMESTAMP                 | 与NOW函数同义            |
| SYSDATE                           | 返回**执行函数**时的时间 |
| DATE_ADD(date,INTERVAL expr unit) | 增加时间                 |
| DATE_SUB(date,INTERVAL expr unit) | 减少时间                 |
| DATE_FORMAT                       | 格式化时间显示           |

NOW() 与 SYSDATE() 的区别？

    (root@localhost) [test]> select now(),sysdate(),sleep(5),now(),sysdate();
    +---------------------+---------------------+----------+---------------------+---------------------+
    | now()               | sysdate()           | sleep(5) | now()               | sysdate()           |
    +---------------------+---------------------+----------+---------------------+---------------------+
    | 2021-11-06 15:03:27 | 2021-11-06 15:03:27 |        0 | 2021-11-06 15:03:27 | 2021-11-06 15:03:32 |
    +---------------------+---------------------+----------+---------------------+---------------------+
    1 row in set (5.00 sec)
    # 前面的2个时间一样，后面的2个则不同,now()表示这条sql语句执行时候的时间，sysdate()表示执行到这个函数时候的时间

时间加、减一天：

    (root@localhost) [(none)]> select date_add(now(),interval 1 day);
    +--------------------------------+
    | date_add(now(),interval 1 day) |
    +--------------------------------+
    | 2021-11-07 23:09:54            |
    +--------------------------------+
    1 row in set (0.00 sec)

    (root@localhost) [(none)]> select date_sub(now(),interval 1 day);
    +--------------------------------+
    | date_sub(now(),interval 1 day) |
    +--------------------------------+
    | 2021-11-05 23:09:56            |
    +--------------------------------+
    1 row in set (0.00 sec)

北京时间时区：

    (root@localhost) [test]> set time_zone = '+8:00';
    Query OK, 0 rows affected (0.00 sec)

时间格式化：

    (root@localhost) [test]> select date_format(now(), '%Y%m%d');
    +------------------------------+
    | date_format(now(), '%Y%m%d') |
    +------------------------------+
    | 20211106                     |
    +------------------------------+
    1 row in set (0.00 sec)

一种不推荐的写法，因为函数放在等号左边会用不到索引，可以用函数索引解决，但是还是不推荐下面这种写法：

    (root@localhost) [test]> select * from orders where date_format(o_orderDATE, '%Y%m') = '201702';

### JSON类型

* 5.7 版本支持
* 原生 JSON 类型替换 BLOB 类型
  * JSON 数据有效性检查：BLOB 类型无法在数据库层做这样的约束性检查
  * 查询性能的提升：查询不需要遍历所有字符串才能找到数据
  * 支持部分属性索引：通过虚拟列的功能可以对 JSON 中的部分数据进行索引

演示：

    (root@localhost) [test]> create table UserJson(
      uid bigint not null auto_increment primary key,
      data json
    );
    Query OK, 0 rows affected (0.02 sec)

    (root@localhost) [test]> INSERT INTO UserJson(uid,data) VALUES (NULL,'{"name":"Jin","address":"Shanghai"}');
    Query OK, 1 row affected (0.00 sec)

    (root@localhost) [test]> INSERT INTO UserJson(uid,data) VALUES (NULL,'{"name":"Jim","passport":"E02318883"}');
    Query OK, 1 row affected (0.00 sec)

    (root@localhost) [test]> select * from UserJson;
    +-----+------------------------------------------+
    | uid | data                                     |
    +-----+------------------------------------------+
    |   1 | {"name": "Jin", "address": "Shanghai"}   |
    |   2 | {"name": "Jim", "passport": "E02318883"} |
    +-----+------------------------------------------+
    2 rows in set (0.00 sec)

json_extract() 从数据中提取相关字段的数据：

    (root@localhost) [test]> select uid, json_extract(data, "$.name") from UserJson;
    +-----+------------------------------+
    | uid | json_extract(data, "$.name") |
    +-----+------------------------------+
    |   1 | "Jin"                        |
    |   2 | "Jim"                        |
    +-----+------------------------------+
    2 rows in set (0.00 sec)

    (root@localhost) [test]> select uid, json_unquote(json_extract(data, "$.name")) from UserJson; # 把输出的双引号去掉
    +-----+--------------------------------------------+
    | uid | json_unquote(json_extract(data, "$.name")) |
    +-----+--------------------------------------------+
    |   1 | Jin                                        |
    |   2 | Jim                                        |
    +-----+--------------------------------------------+
    2 rows in set (0.00 sec)

另一种写法：

    (root@localhost) [test]> select uid,data->>"$.name" from UserJson;
    +-----+-----------------+
    | uid | data->>"$.name" |
    +-----+-----------------+
    |   1 | Jin             | <--不带双引号
    |   2 | Jim             |
    +-----+-----------------+
    2 rows in set (0.00 sec)

    (root@localhost) [test]> select uid,data->"$.name" from UserJson;
    +-----+----------------+
    | uid | data->"$.name" |
    +-----+----------------+
    |   1 | "Jin"          | <--带双引号
    |   2 | "Jim"          |
    +-----+----------------+
    2 rows in set (0.00 sec)

使用 JSON 数据类型的话，可以用到他的一些函数去直接提取 JSON 字符串中的某一个标签的某一部分值，最好的好处是结合 5.7 的函数索引可以提升查询的性能

函数索引演示：

    (root@localhost) [test]> alter table UserJson add column name varchar(128) as (json_unquote(json_extract(data, "$.name"))) virtual;
    Query OK, 0 rows affected (0.03 sec)
    Records: 0  Duplicates: 0  Warnings: 0

    (root@localhost) [test]> select * from UserJson;
    +-----+------------------------------------------+------+
    | uid | data                                     | name | <--通过函数计算得到一个虚拟列
    +-----+------------------------------------------+------+
    |   1 | {"name": "Jin", "address": "Shanghai"}   | Jin  |
    |   2 | {"name": "Jim", "passport": "E02318883"} | Jim  |
    +-----+------------------------------------------+------+
    2 rows in set (0.00 sec)

    # 在虚拟的列上创建一个函数索引
    (root@localhost) [test]> alter table UserJson add index idx_name(name);
    Query OK, 0 rows affected (0.03 sec)
    Records: 0  Duplicates: 0  Warnings: 0

### NULL类型

    (root@localhost) [test]> select NULL;
    +------+
    | NULL |
    +------+
    | NULL |
    +------+
    1 row in set (0.00 sec)

NULL 是一个很较特殊的值，即可以是字符串、数字，也可以是时间

建表的时候所有的字段推荐都是 NOT NULL

    (root@localhost) [test]> alter table z add column e int;
    Query OK, 0 rows affected (0.07 sec)
    Records: 0  Duplicates: 0  Warnings: 0

    (root@localhost) [test]> update z set e = 0;
    Query OK, 1 row affected (0.00 sec)
    Rows matched: 1  Changed: 1  Warnings: 0

    (root@localhost) [test]> alter table z change column e e int not null;
    Query OK, 0 rows affected (0.07 sec)
    Records: 0  Duplicates: 0  Warnings: 0

    (root@localhost) [test]> show create table z\G
    *************************** 1. row ***************************
          Table: z
    Create Table: CREATE TABLE `z` (
      `a` datetime DEFAULT NULL,
      `b` timestamp NOT NULL DEFAULT CURRENT_TIMESTAMP ON UPDATE CURRENT_TIMESTAMP,
      `e` int(11) NOT NULL <--
    ) ENGINE=InnoDB DEFAULT CHARSET=utf8
    1 row in set (0.00 sec)

NULL 值和任何值比较返回的都是 NULL 值，两个 NULL 值表示的也都是不确定的值

    (root@localhost) [test]> select NULL = 1;
    +----------+
    | NULL = 1 |
    +----------+
    |     NULL |
    +----------+
    1 row in set (0.00 sec)

    (root@localhost) [test]> select NULL = NULL;
    +-------------+
    | NULL = NULL |
    +-------------+
    |        NULL |
    +-------------+
    1 row in set (0.00 sec)

NULL 值是否是 NULL 值比较要用 is：

    (root@localhost) [test]> select NULL is NULL;
    +--------------+
    | NULL is NULL |
    +--------------+
    |            1 |
    +--------------+
    1 row in set (0.00 sec)

## 表

* 表是关系数据库的核心
* 表 = 关系
* 表是记录的集合 集合中的数据是无序的
* 二维表格模型易于人类理解
* MySQL 默认存储引擎都是基于行(记录)存储
* 每行记录都是基于列进行组织的

创建表的语法：

http://dev.mysql.com/doc/refman/5.7/en/create-table.html

查看表结构：

    SHOW CREATE TABLE XXX;
    SHOW TABLE STATUS[LIKE]'XXX';
    DESC XXX;

创建表也可是使用 MySQL Workbench

### 导入 employees 数据库

下载： https://dev.mysql.com/doc/index-other.html -> https://github.com/datacharmer/test_db

    tar xvf test_db-1.0.7.tar.gz

    // 首先解压文件得到 employees_db，修改 vim employees.sql 中的一些内容
    // 
    //     DROP DATABASE IF EXISTS emp; <-employees改成emp
    //     CREATE DATABASE IF NOT EXISTS emp; <-employees改成emp
    //     USE emp; <-employees改成emp
    // 
    //     SELECT 'CREATING DATABASE STRUCTURE' as 'INFO';
    // 
    //     ...
    //     ...
    //     ...
    // 
    //     -- set storage_engine = InnoDB;

导入数据（新版不用改直接导入即可）：

    $> mysql -t < employees.sql

    (root@localhost) [emp]> show tables;
    +----------------------+
    | Tables_in_emp        |
    +----------------------+
    | current_dept_emp     |
    | departments          | <--部门信息表
    | dept_emp             | <--每个员工所在部门是什么
    | dept_emp_latest_date |
    | dept_manager         | <--部门经理
    | employees            | <--员工表
    | salaries             | <--员工薪资表
    | titles               | <--员工级别
    +----------------------+
    8 rows in set (0.00 sec)

dbt3 测试表介绍：

    (root@localhost) [dbt3]> show tables;
    +-----------------+
    | Tables_in_dbt3  |
    +-----------------+
    | customer        | <--客户表
    | lineitem        | <--订单明细表，一个订单包含多个商品的意思
    | nation          | <--哪个国家的客户
    | orders          | <--订单表
    | part            | <--下单每件商品的组件是什么
    | partsupp        | <--每件组件的供应商
    | region          | <--区域
    | supplier        | <--供应商具体信息
    | time_statistics |
    +-----------------+
    9 rows in set (0.00 sec)

    
    (root@localhost) [dbt3]> select count(1) from orders;
    +----------+
    | count(1) |
    +----------+
    |  1500000 | <--比较大的orders表
    +----------+
    1 row in set (2.07 sec)

    (root@localhost) [dbt3]> select count(1) from lineitem;
    +----------+
    | count(1) |
    +----------+
    |  6001215 | <--更大的lineitem表
    +----------+
    1 row in set (6.87 sec)

    (root@localhost) [dbt3]> select count(1) from customer;
    +----------+
    | count(1) |
    +----------+
    |   150000 |
    +----------+
    1 row in set (0.13 sec)

一张表几百万、几千万、上亿其实在性能上差距是差不多的，就是在管理上比较麻烦